,City,Country,Date,Lat,Lng,Max Temp,Humidity %,Cloudiness %,Wind Speed (mph),Current Description,Rain inches (last 3 hrs),Snow inches (last 3 hrs)
0,Bonavista,CA,2020-02-21 01:11:12,48.65,-53.11,9.0,65,94,23.0,overcast clouds,0.0,0.0
1,Kavieng,PG,2020-02-21 01:11:13,-2.57,150.8,83.57,74,47,9.69,scattered clouds,0.0,0.0
2,Cape Town,ZA,2020-02-21 01:08:06,-33.93,18.42,66.0,88,0,16.11,clear sky,0.0,0.0
3,Mecca,SA,2020-02-21 01:10:15,21.43,39.83,60.39,46,0,2.95,clear sky,0.0,0.0
4,Ushuaia,AR,2020-02-21 01:11:13,-54.8,-68.3,51.8,66,75,6.04,broken clouds,0.0,0.0
5,Ribeira Grande,PT,2020-02-21 01:11:14,38.52,-28.7,52.65,71,50,8.88,scattered clouds,0.0,0.0
6,Kapaa,US,2020-02-21 01:08:28,22.08,-159.32,80.6,57,40,18.34,scattered clouds,0.0,0.0
7,Port-Cartier,CA,2020-02-21 01:11:14,50.03,-66.87,-5.8,48,5,9.17,clear sky,0.0,0.0
8,Dubki,RU,2020-02-21 01:11:14,43.02,46.84,39.2,86,90,6.71,overcast clouds,0.0,0.0
9,Malakal,SS,2020-02-21 01:11:14,9.53,31.66,77.92,16,25,11.32,scattered clouds,0.0,0.0
10,Punta Arenas,CL,2020-02-21 01:11:15,-53.15,-70.92,55.4,66,75,11.41,broken clouds,0.0,0.0
11,Carnarvon,AU,2020-02-21 01:11:04,-24.87,113.63,80.6,69,100,12.75,light rain,0.94,0.0
12,Sinnamary,GF,2020-02-21 01:11:15,5.38,-52.95,78.64,75,65,13.2,broken clouds,0.0,0.0
13,Mataura,NZ,2020-02-21 01:11:15,-46.19,168.86,63.0,75,68,24.0,light rain,0.56,0.0
14,Satipo,PE,2020-02-21 01:11:15,-11.25,-74.64,67.75,80,21,3.91,light rain,0.31,0.0
15,Zamora,EC,2020-02-21 01:11:16,-4.07,-78.96,59.94,95,54,2.42,moderate rain,3.44,0.0
16,Butaritari,KI,2020-02-21 01:11:16,3.07,172.79,83.82,78,98,13.15,light rain,0.31,0.0
17,Barrow,US,2020-02-21 01:10:50,71.29,-156.79,-13.0,75,40,9.17,mist,0.0,0.0
18,Nyurba,RU,2020-02-21 01:11:16,63.28,118.33,7.05,96,100,4.68,overcast clouds,0.0,0.0
19,Lavrentiya,RU,2020-02-21 01:11:16,65.58,-171.0,-11.74,83,0,8.12,clear sky,0.0,0.0
20,Grand Gaube,MU,2020-02-21 01:11:17,-20.01,57.66,78.8,74,40,11.41,scattered clouds,0.0,0.0
21,Hilo,US,2020-02-21 01:10:28,19.73,-155.09,77.0,53,90,6.93,overcast clouds,0.0,0.0
22,Hithadhoo,MV,2020-02-21 01:11:17,-0.6,73.08,83.23,77,24,10.0,few clouds,0.0,0.0
23,Quatre Cocos,MU,2020-02-21 01:11:18,-20.21,57.76,78.8,74,40,11.41,scattered clouds,0.0,0.0
24,Avarua,CK,2020-02-21 01:11:18,-21.21,-159.78,84.2,83,100,8.05,light rain,0.25,0.0
25,Rikitea,PF,2020-02-21 01:11:18,-23.12,-134.97,78.64,74,47,10.56,light rain,0.63,0.0
26,Puerto Ayora,EC,2020-02-21 01:11:18,-0.74,-90.35,80.6,78,40,5.82,scattered clouds,0.0,0.0
27,Camana,PE,2020-02-21 01:11:18,-16.62,-72.71,69.3,81,70,4.99,broken clouds,0.0,0.0
28,Saskylakh,RU,2020-02-21 01:11:19,71.92,114.08,-19.77,100,82,3.13,broken clouds,0.0,0.0
29,Yumen,CN,2020-02-21 01:11:19,40.28,97.2,17.83,61,62,4.29,broken clouds,0.0,0.0
30,Jamestown,US,2020-02-21 01:11:19,42.1,-79.24,21.99,78,90,6.93,light snow,0.0,0.0
31,Fort Nelson,CA,2020-02-21 01:11:19,58.81,-122.7,39.2,41,75,5.82,broken clouds,0.0,0.0
32,Kununurra,AU,2020-02-21 01:11:20,-15.77,128.73,87.8,62,100,9.17,overcast clouds,0.0,0.0
33,Bredasdorp,ZA,2020-02-21 01:11:20,-34.53,20.04,63.0,87,22,2.24,few clouds,0.0,0.0
34,Atar,MR,2020-02-21 01:11:20,20.52,-13.05,71.51,13,0,8.68,clear sky,0.0,0.0
35,Clyde River,CA,2020-02-21 01:11:20,70.47,-68.59,-9.4,76,90,16.11,overcast clouds,0.0,0.0
36,Apache Junction,US,2020-02-21 01:11:21,33.42,-111.55,78.8,19,1,4.7,clear sky,0.0,0.0
37,Vaini,TO,2020-02-21 01:11:21,-21.2,-175.2,82.4,74,20,11.41,few clouds,0.0,0.0
38,Smidovich,RU,2020-02-21 01:11:21,48.6,133.82,-3.68,87,0,4.18,clear sky,0.0,0.0
39,Tevriz,RU,2020-02-21 01:11:21,57.51,72.4,27.97,97,100,4.92,light snow,0.0,0.13
40,Cherskiy,RU,2020-02-21 01:11:22,68.75,161.3,-14.21,96,99,8.08,overcast clouds,0.0,0.0
41,Banda Aceh,ID,2020-02-21 01:11:22,5.56,95.32,72.41,86,26,5.7,scattered clouds,0.0,0.0
42,Anadyr,RU,2020-02-21 01:11:22,64.75,177.48,-14.01,75,20,8.95,mist,0.0,0.0
43,Albany,US,2020-02-21 01:11:22,42.6,-73.97,23.0,41,90,11.41,overcast clouds,0.0,0.0
44,Tuktoyaktuk,CA,2020-02-21 01:11:22,69.45,-133.04,-0.4,84,90,5.82,light snow,0.0,0.0
45,Busselton,AU,2020-02-21 01:11:22,-33.65,115.33,77.0,30,73,15.03,broken clouds,0.0,0.0
46,Ilulissat,GL,2020-02-21 01:11:23,69.22,-51.1,-5.8,53,4,4.7,clear sky,0.0,0.0
47,Margate,GB,2020-02-21 01:11:23,51.38,1.39,39.99,66,33,13.87,scattered clouds,0.0,0.0
48,Gilbues,BR,2020-02-21 01:11:23,-9.83,-45.34,69.31,81,74,3.44,broken clouds,0.0,0.0
49,East London,ZA,2020-02-21 01:11:23,-33.02,27.91,74.05,77,61,7.65,broken clouds,0.0,0.0
50,Tasiilaq,GL,2020-02-21 01:11:24,65.61,-37.64,21.2,67,100,6.93,light snow,0.0,0.0
51,Talara,PE,2020-02-21 01:11:24,-4.58,-81.27,76.66,87,0,3.24,clear sky,0.0,0.0
52,Upernavik,GL,2020-02-21 01:11:24,72.79,-56.15,-13.72,99,100,4.59,overcast clouds,0.0,0.0
53,Hobart,AU,2020-02-21 01:10:28,-42.88,147.33,62.01,41,75,16.11,light intensity shower rain,0.0,0.0
54,Lorengau,PG,2020-02-21 01:11:25,-2.02,147.27,83.41,75,70,10.07,light rain,0.13,0.0
55,Helong,CN,2020-02-21 01:11:25,42.54,129.0,24.98,82,100,6.15,overcast clouds,0.0,0.0
56,Tambopata,PE,2020-02-21 01:11:25,-12.73,-69.18,82.42,66,93,1.95,overcast clouds,0.0,0.0
57,Arlit,NE,2020-02-21 01:11:25,18.74,7.39,69.42,18,50,16.08,scattered clouds,0.0,0.0
58,Dedovichi,RU,2020-02-21 01:11:26,57.55,29.95,31.66,90,1,6.33,clear sky,0.0,0.0
59,Sharjah,AE,2020-02-21 01:11:26,25.36,55.4,73.4,46,52,11.41,broken clouds,0.0,0.0
60,Sandpoint,US,2020-02-21 01:11:26,48.28,-116.55,43.0,59,1,4.14,clear sky,0.0,0.0
61,Mangochi,MW,2020-02-21 01:11:26,-14.48,35.26,67.26,97,100,2.26,overcast clouds,0.0,0.0
62,Fairbanks,US,2020-02-21 01:11:26,64.84,-147.72,34.0,73,75,4.7,broken clouds,0.0,0.0
63,Djenne,ML,2020-02-21 01:07:08,13.91,-4.55,79.95,11,19,9.84,few clouds,0.0,0.0
64,Eregli,TR,2020-02-21 01:11:27,37.51,34.05,36.57,63,53,3.47,broken clouds,0.0,0.0
65,Bluff,NZ,2020-02-21 01:11:27,-46.6,168.33,63.0,75,60,24.0,light rain,0.13,0.0
66,Malanje,AO,2020-02-21 01:11:27,-9.54,16.34,65.5,94,73,0.13,broken clouds,0.0,0.0
67,Provideniya,RU,2020-02-21 01:11:28,64.38,-173.3,-4.0,70,0,2.24,clear sky,0.0,0.0
68,Puerto Quijarro,BO,2020-02-21 01:11:05,-17.78,-57.77,77.27,92,100,0.85,light rain,1.0,0.0
69,Isangel,VU,2020-02-21 01:11:28,-19.55,169.27,84.2,79,40,3.36,scattered clouds,0.0,0.0
70,Abha,SA,2020-02-21 01:11:28,18.22,42.51,59.0,87,90,5.82,overcast clouds,0.0,0.0
71,Riachao Das Neves,BR,2020-02-21 01:11:29,-11.75,-44.91,70.45,84,31,2.68,scattered clouds,0.0,0.0
72,Kautokeino,NO,2020-02-21 01:11:29,69.01,23.04,22.86,93,100,27.98,light snow,0.0,0.44
73,New Norfolk,AU,2020-02-21 01:11:29,-42.78,147.06,62.01,41,75,16.11,light intensity shower rain,0.0,0.0
74,Port Alfred,ZA,2020-02-21 01:11:29,-33.59,26.89,66.0,92,64,5.48,light rain,0.12,0.0
75,Karpogory,RU,2020-02-21 01:11:29,64.0,44.45,6.17,98,33,2.37,scattered clouds,0.0,0.0
76,Coquimbo,CL,2020-02-21 01:08:08,-29.95,-71.34,62.6,77,100,4.7,overcast clouds,0.0,0.0
77,Te Anau,NZ,2020-02-21 01:11:30,-45.42,167.72,57.42,85,93,8.84,light rain,0.31,0.0
78,Atuona,PF,2020-02-21 01:11:30,-9.8,-139.03,81.5,73,10,17.52,clear sky,0.0,0.0
79,High Level,CA,2020-02-21 01:11:30,58.52,-117.14,37.4,34,5,5.82,clear sky,0.0,0.0
80,Junnar,IN,2020-02-21 01:11:30,19.2,73.88,65.64,49,17,3.02,few clouds,0.0,0.0
81,Sorland,NO,2020-02-21 01:11:31,67.67,12.69,36.95,96,100,25.37,snow,0.0,3.69
82,Olafsvik,IS,2020-02-21 01:11:31,64.89,-23.71,29.73,78,100,38.25,overcast clouds,0.0,0.0
83,Longyearbyen,SJ,2020-02-21 01:11:31,78.22,15.64,5.0,65,75,5.82,broken clouds,0.0,0.0
84,Hermanus,ZA,2020-02-21 01:11:31,-34.42,19.23,63.0,93,0,4.0,clear sky,0.0,0.0
85,Saint-Philippe,RE,2020-02-21 01:11:31,-21.36,55.77,73.99,78,3,3.36,light rain,0.81,0.0
86,Hambantota,LK,2020-02-21 01:11:32,6.12,81.12,77.0,100,20,8.05,few clouds,0.0,0.0
87,Aklavik,CA,2020-02-21 01:11:32,68.22,-135.01,3.2,71,75,4.7,broken clouds,0.0,0.0
88,Manchester,GB,2020-02-21 01:10:18,53.48,-2.24,43.0,71,100,8.05,overcast clouds,0.0,0.0
89,Qaqortoq,GL,2020-02-21 01:11:32,60.72,-46.03,32.0,51,100,14.99,overcast clouds,0.0,0.0
90,Palmer,US,2020-02-21 01:11:33,42.16,-72.33,27.0,42,1,11.41,clear sky,0.0,0.0
91,Pangnirtung,CA,2020-02-21 01:11:33,66.15,-65.71,-35.72,97,100,1.83,overcast clouds,0.0,0.0
92,Adrar,MR,2020-02-21 01:11:33,20.5,-10.07,71.01,12,0,11.79,clear sky,0.0,0.0
93,Luderitz,NA,2020-02-21 01:11:33,-26.65,15.16,69.8,73,34,17.22,scattered clouds,0.0,0.0
94,Mahebourg,MU,2020-02-21 01:11:34,-20.41,57.7,78.8,74,40,11.41,scattered clouds,0.0,0.0
95,Khatanga,RU,2020-02-21 01:11:34,71.97,102.5,2.48,95,97,8.63,overcast clouds,0.0,0.0
96,Ishigaki,JP,2020-02-21 01:11:34,24.34,124.16,71.6,64,20,14.99,few clouds,0.0,0.0
97,Bukama,CD,2020-02-21 01:11:34,-9.2,25.85,69.58,90,95,1.23,overcast clouds,0.0,0.0
98,Saint George,US,2020-02-21 01:11:35,37.1,-113.58,62.01,14,1,5.95,clear sky,0.0,0.0
99,Bethel,US,2020-02-21 01:08:06,41.37,-73.41,33.8,46,90,9.17,overcast clouds,0.0,0.0
100,Nabire,ID,2020-02-21 01:11:35,-3.37,135.48,84.22,67,61,1.25,broken clouds,0.0,0.0
101,Qaanaaq,GL,2020-02-21 01:11:35,77.48,-69.36,-14.39,59,0,4.9,clear sky,0.0,0.0
102,Taywarah,AF,2020-02-21 01:11:35,33.35,64.42,24.93,35,99,4.32,overcast clouds,0.0,0.0
103,Shakawe,BW,2020-02-21 01:11:36,-18.37,21.85,69.6,76,84,4.43,broken clouds,0.0,0.0
104,Rosarito,MX,2020-02-21 01:11:36,32.33,-117.03,73.4,59,1,5.01,clear sky,0.0,0.0
105,Kutum,SD,2020-02-21 01:11:36,14.2,24.67,56.89,33,31,5.99,scattered clouds,0.0,0.0
106,La Palma,US,2020-02-21 01:11:36,33.85,-118.05,78.8,27,1,6.93,clear sky,0.0,0.0
107,Yellowknife,CA,2020-02-21 01:11:36,62.46,-114.35,32.0,80,20,14.99,few clouds,0.0,0.0
108,Huntsville,US,2020-02-21 01:11:37,34.73,-86.59,39.2,86,90,10.29,overcast clouds,0.0,0.0
109,Kruisfontein,ZA,2020-02-21 01:11:37,-34.0,24.73,62.01,95,53,2.19,broken clouds,0.0,0.0
110,Progreso,MX,2020-02-21 01:11:37,21.28,-89.67,84.2,58,40,9.17,scattered clouds,0.0,0.0
111,Beringovskiy,RU,2020-02-21 01:11:37,63.05,179.32,-12.44,85,17,8.01,few clouds,0.0,0.0
112,Bilma,NE,2020-02-21 01:11:37,18.69,12.92,63.32,23,10,8.43,clear sky,0.0,0.0
113,San Cristobal,VE,2020-02-21 01:09:59,7.77,-72.22,84.2,62,40,5.82,scattered clouds,0.0,0.0
114,Derzhavinsk,KZ,2020-02-21 01:11:38,51.1,66.32,9.27,85,89,2.24,overcast clouds,0.0,0.0
115,Popondetta,PG,2020-02-21 01:11:38,-8.75,148.25,81.21,76,100,3.51,light rain,0.25,0.0
116,Denison,US,2020-02-21 01:11:02,33.76,-96.54,42.01,69,1,10.29,clear sky,0.0,0.0
117,Port Lincoln,AU,2020-02-21 01:11:38,-34.73,135.87,62.69,65,100,13.65,overcast clouds,0.0,0.0
118,Georgetown,MY,2020-02-21 01:11:39,5.41,100.34,82.4,65,20,6.93,few clouds,0.0,0.0
119,Rio Grande,BR,2020-02-21 01:07:33,-32.03,-52.1,67.78,63,30,23.4,scattered clouds,0.0,0.0
120,Yulara,AU,2020-02-21 01:11:39,-25.24,130.99,84.2,18,13,17.22,few clouds,0.0,0.0
121,Fortuna,US,2020-02-21 01:11:39,40.6,-124.16,57.0,71,20,4.76,few clouds,0.0,0.0
122,Sao Filipe,CV,2020-02-21 01:11:39,14.9,-24.5,70.25,75,7,16.67,clear sky,0.0,0.0
123,Mawlaik,MM,2020-02-21 01:11:40,23.63,94.42,55.96,66,0,1.72,clear sky,0.0,0.0
124,Rosehearty,GB,2020-02-21 01:11:40,57.7,-2.11,39.2,75,64,14.99,broken clouds,0.0,0.0
125,Noumea,NC,2020-02-21 01:09:40,-22.28,166.46,91.4,49,0,11.41,clear sky,0.0,0.0
126,Bandundu,CD,2020-02-21 01:11:40,-3.32,17.37,75.24,83,72,1.59,light rain,1.06,0.0
127,Constitucion,CL,2020-02-21 01:11:40,-35.33,-72.42,57.2,56,0,3.02,clear sky,0.0,0.0
128,Salalah,OM,2020-02-21 01:11:41,17.02,54.09,77.0,69,75,6.93,broken clouds,0.0,0.0
129,Mar Del Plata,AR,2020-02-21 01:11:01,-38.0,-57.56,61.0,82,75,8.05,shower rain,0.0,0.0
130,Oktyabrskoye,RU,2020-02-21 01:11:41,43.06,44.74,31.69,87,100,0.98,overcast clouds,0.0,0.0
131,Cidreira,BR,2020-02-21 01:11:41,-30.18,-50.21,73.18,73,29,16.42,scattered clouds,0.0,0.0
132,Vila Velha,BR,2020-02-21 01:07:48,-20.33,-40.29,80.6,78,20,16.11,few clouds,0.0,0.0
133,Kavaratti,IN,2020-02-21 01:11:42,10.57,72.64,81.7,70,0,9.22,clear sky,0.0,0.0
134,Katsuura,JP,2020-02-21 01:11:42,35.13,140.3,53.01,61,20,9.17,few clouds,0.0,0.0
135,La Rioja,ES,2020-02-21 01:11:42,42.25,-2.5,39.2,93,7,6.93,clear sky,0.0,0.0
136,Sola,VU,2020-02-21 01:11:42,-13.88,167.55,89.6,66,40,5.82,scattered clouds,0.0,0.0
137,San Lawrenz,MT,2020-02-21 01:11:42,36.06,14.2,53.01,66,0,8.05,clear sky,0.0,0.0
138,Kasongo-Lunda,CD,2020-02-21 01:11:43,-6.47,16.82,70.5,89,74,1.7,broken clouds,0.0,0.0
139,Lompoc,US,2020-02-21 01:09:41,34.64,-120.46,71.6,24,1,5.82,clear sky,0.0,0.0
140,Nalut,LY,2020-02-21 01:11:43,30.33,10.85,48.7,56,0,11.48,clear sky,0.0,0.0
141,Zorritos,PE,2020-02-21 01:11:43,-3.68,-80.68,89.6,33,75,6.93,broken clouds,0.0,0.0
142,Thompson,CA,2020-02-21 01:11:43,55.74,-97.86,24.8,58,75,4.7,broken clouds,0.0,0.0
143,Cabo San Lucas,MX,2020-02-21 01:07:46,22.89,-109.91,78.8,39,5,9.17,clear sky,0.0,0.0
144,Nome,US,2020-02-21 01:11:44,64.5,-165.41,10.4,72,90,7.45,overcast clouds,0.0,0.0
145,Knoxville,US,2020-02-21 01:11:43,35.96,-83.92,37.4,81,90,4.7,light rain,0.0,0.0
146,Morondava,MG,2020-02-21 01:11:44,-20.28,44.28,76.14,93,99,3.33,light rain,0.81,0.0
147,Port Elizabeth,ZA,2020-02-21 01:11:44,-33.92,25.57,66.2,88,21,9.17,few clouds,0.0,0.0
148,Harper,LR,2020-02-21 01:11:45,4.38,-7.72,77.88,92,65,3.04,broken clouds,0.0,0.0
149,Sergeyevka,KZ,2020-02-21 01:11:45,53.88,67.42,17.51,95,100,7.94,light snow,0.0,0.25
150,Dikson,RU,2020-02-21 01:11:45,73.51,80.55,-3.62,90,72,15.97,broken clouds,0.0,0.0
151,Port Blair,IN,2020-02-21 01:07:19,11.67,92.75,78.8,83,20,8.05,mist,0.0,0.0
152,Palana,RU,2020-02-21 01:11:45,59.12,159.97,-7.62,82,32,2.68,scattered clouds,0.0,0.0
153,San Patricio,MX,2020-02-21 01:11:46,19.22,-104.7,84.2,74,20,11.41,few clouds,0.0,0.0
154,Mayo,US,2020-02-21 01:11:46,38.89,-76.51,37.4,44,90,4.7,overcast clouds,0.0,0.0
155,Sturgeon Bay,US,2020-02-21 01:11:46,44.83,-87.38,15.8,47,1,11.41,clear sky,0.0,0.0
156,Kaitangata,NZ,2020-02-21 01:11:46,-46.28,169.85,72.0,63,99,17.0,overcast clouds,0.0,0.0
157,Columbus,US,2020-02-21 01:07:09,39.96,-83.0,24.01,67,40,4.7,scattered clouds,0.0,0.0
158,Jinotega,NI,2020-02-21 01:11:47,13.09,-86.0,72.68,68,17,7.81,few clouds,0.0,0.0
159,Tororo,UG,2020-02-21 01:11:47,0.69,34.18,70.18,77,52,3.02,light rain,0.19,0.0
160,Vila Franca Do Campo,PT,2020-02-21 01:11:47,37.72,-25.43,50.0,76,20,5.82,few clouds,0.0,0.0
161,Gandai,IN,2020-02-21 01:11:47,21.67,81.1,64.96,33,1,3.29,clear sky,0.0,0.0
162,Castro,BR,2020-02-21 01:11:48,-24.79,-50.01,66.54,71,63,1.59,broken clouds,0.0,0.0
163,Balaipungut,ID,2020-02-21 01:11:48,1.05,101.28,74.19,93,89,2.01,overcast clouds,0.0,0.0
164,Hofn,IS,2020-02-21 01:11:48,64.25,-15.21,37.08,54,5,7.58,clear sky,0.0,0.0
165,Rapid Valley,US,2020-02-21 01:11:48,44.06,-103.15,35.01,42,1,3.36,clear sky,0.0,0.0
166,Pemangkat,ID,2020-02-21 01:11:49,1.17,108.97,77.11,89,100,9.93,overcast clouds,0.0,0.0
167,Biak,ID,2020-02-21 01:11:49,-0.91,122.88,81.93,71,92,4.94,light rain,0.94,0.0
168,Acapulco,MX,2020-02-21 01:11:49,16.86,-99.89,82.4,78,5,8.05,smoke,0.0,0.0
169,Cayenne,GF,2020-02-21 01:11:07,4.93,-52.33,75.2,83,82,5.06,light rain,0.19,0.0
170,Lebu,CL,2020-02-21 01:11:49,-37.62,-73.65,60.55,65,0,5.37,clear sky,0.0,0.0
171,Bull Savanna,JM,2020-02-21 01:11:50,17.89,-77.59,70.32,93,61,3.49,light rain,0.88,0.0
172,Comodoro Rivadavia,AR,2020-02-21 01:11:50,-45.87,-67.5,57.2,62,0,4.7,clear sky,0.0,0.0
173,Soe,ID,2020-02-21 01:11:50,-9.86,124.28,81.34,70,87,0.16,overcast clouds,0.0,0.0
174,Chalmette,US,2020-02-21 01:11:50,29.94,-89.96,50.0,87,90,21.92,light rain,0.0,0.0
175,Mbandaka,CD,2020-02-21 01:11:50,0.05,18.26,77.81,70,94,1.97,overcast clouds,0.0,0.0
176,Pevek,RU,2020-02-21 01:11:51,69.7,170.31,-7.55,97,100,10.83,light snow,0.0,0.38
177,Lagoa,PT,2020-02-21 01:11:51,39.05,-27.98,57.4,65,83,10.69,broken clouds,0.0,0.0
178,Tigil,RU,2020-02-21 01:11:51,57.8,158.67,-12.33,93,11,3.13,few clouds,0.0,0.0
179,Faanui,PF,2020-02-21 01:11:51,-16.48,-151.75,83.16,76,55,16.8,light rain,0.56,0.0
180,Kieta,PG,2020-02-21 01:11:51,-6.22,155.63,84.51,65,89,3.18,overcast clouds,0.0,0.0
181,Narsaq,GL,2020-02-21 01:11:52,60.92,-46.05,32.0,56,100,14.99,overcast clouds,0.0,0.0
182,Ostrovnoy,RU,2020-02-21 01:11:52,68.05,39.51,14.4,83,100,26.08,overcast clouds,0.0,0.0
183,Nikolskoye,RU,2020-02-21 01:11:52,59.7,30.79,33.01,96,40,4.47,scattered clouds,0.0,0.0
184,Arraial Do Cabo,BR,2020-02-21 01:10:45,-22.97,-42.03,78.06,86,0,19.91,clear sky,0.0,0.0
185,Wentzville,US,2020-02-21 01:11:52,38.81,-90.85,27.0,49,1,6.93,clear sky,0.0,0.0
186,Sucre,BO,2020-02-21 01:11:53,-19.03,-65.26,53.6,87,75,3.29,broken clouds,0.0,0.0
187,Luwuk,ID,2020-02-21 01:10:53,-0.95,122.79,81.93,71,92,4.94,light rain,0.94,0.0
188,Labuhan,ID,2020-02-21 01:11:53,-6.88,112.21,76.75,88,21,4.52,few clouds,0.0,0.0
189,Yingcheng,CN,2020-02-21 01:11:53,30.95,113.55,48.2,87,100,6.71,light rain,0.0,0.0
190,Birao,CF,2020-02-21 01:11:53,10.28,22.79,72.23,24,22,11.12,few clouds,0.0,0.0
191,Konya,TR,2020-02-21 01:11:54,38.17,32.5,39.2,78,75,6.93,broken clouds,0.0,0.0
192,Tharad,IN,2020-02-21 01:11:54,24.4,71.63,63.68,40,0,13.24,clear sky,0.0,0.0
193,Broome,US,2020-02-21 01:11:54,42.25,-75.83,19.99,92,40,5.37,scattered clouds,0.0,0.0
194,Katobu,ID,2020-02-21 01:11:55,-4.94,122.53,79.93,85,87,1.48,overcast clouds,0.0,0.0
195,College,US,2020-02-21 01:11:55,64.86,-147.8,34.0,73,75,4.7,broken clouds,0.0,0.0
196,Srednekolymsk,RU,2020-02-21 01:11:55,67.45,153.68,-14.37,94,100,5.37,overcast clouds,0.0,0.0
197,Bathsheba,BB,2020-02-21 01:11:55,13.22,-59.52,78.8,65,20,17.22,few clouds,0.0,0.0
198,Pacific Grove,US,2020-02-21 01:11:56,36.62,-121.92,69.01,51,1,11.41,clear sky,0.0,0.0
199,Yushala,RU,2020-02-21 01:11:56,57.08,64.26,33.8,86,90,11.18,overcast clouds,0.0,0.0
200,Praia,CV,2020-02-21 01:11:56,14.92,-23.51,67.48,88,12,13.22,few clouds,0.0,0.0
201,Upata,VE,2020-02-21 01:11:56,8.01,-62.4,74.86,67,100,5.91,overcast clouds,0.0,0.0
202,Airai,TL,2020-02-21 01:11:56,-8.93,125.41,73.49,81,77,1.43,light rain,0.12,0.0
203,Pisco,PE,2020-02-21 01:09:39,-13.7,-76.22,73.4,83,40,19.46,scattered clouds,0.0,0.0
204,Merauke,ID,2020-02-21 01:11:57,-8.47,140.33,81.93,82,100,9.51,overcast clouds,0.0,0.0
205,Vila Do Maio,CV,2020-02-21 01:11:57,15.13,-23.22,71.08,83,24,17.22,few clouds,0.0,0.0
206,Havre-Saint-Pierre,CA,2020-02-21 01:11:57,50.23,-63.6,-4.0,53,1,17.22,clear sky,0.0,0.0
207,Tiksi,RU,2020-02-21 01:11:58,71.69,128.87,-2.27,87,100,10.92,overcast clouds,0.0,0.0
208,Kahului,US,2020-02-21 01:11:58,20.89,-156.47,80.6,44,1,29.97,clear sky,0.0,0.0
209,Liaocheng,CN,2020-02-21 01:11:58,36.44,115.96,46.45,57,100,7.27,overcast clouds,0.0,0.0
210,Batagay-Alyta,RU,2020-02-21 01:11:58,67.8,130.41,-0.62,84,100,5.7,overcast clouds,0.0,0.0
211,Saint-Prosper,CA,2020-02-21 01:11:58,46.21,-70.48,0.0,74,84,5.99,broken clouds,0.0,0.0
212,Houma,US,2020-02-21 01:11:59,29.6,-90.72,51.01,87,90,21.92,light rain,0.0,0.0
213,Tura,IN,2020-02-21 01:11:59,25.52,90.22,63.32,74,53,3.18,broken clouds,0.0,0.0
214,Ouesso,CG,2020-02-21 01:11:59,1.61,16.05,77.56,56,75,2.33,broken clouds,0.0,0.0
215,Svetlaya,RU,2020-02-21 01:11:59,46.54,138.33,15.17,64,0,7.92,clear sky,0.0,0.0
216,Ponta Do Sol,PT,2020-02-21 01:12:00,32.67,-17.1,55.4,82,75,4.7,shower rain,0.0,0.0
217,Arona,ES,2020-02-21 01:12:00,28.1,-16.68,66.0,66,90,19.46,overcast clouds,0.0,0.0
218,Jalu,LY,2020-02-21 01:12:00,29.03,21.55,54.52,78,45,10.58,scattered clouds,0.0,0.0
219,Kokemaki,FI,2020-02-21 01:12:00,61.26,22.36,35.6,93,90,17.22,light rain,0.0,0.0
220,Los Llanos De Aridane,ES,2020-02-21 01:12:00,28.66,-17.92,64.4,63,75,18.34,broken clouds,0.0,0.0
221,Kirakira,SB,2020-02-21 01:12:00,-10.45,161.92,84.06,74,52,7.54,light rain,0.25,0.0
222,Vagur,FO,2020-02-21 01:12:01,61.47,-6.81,43.2,63,96,39.26,light rain,0.13,0.0
223,Geraldton,AU,2020-02-21 01:08:15,-28.77,114.6,77.0,73,85,4.7,overcast clouds,0.0,0.0
224,Ternate,ID,2020-02-21 01:12:01,0.8,127.4,79.36,76,33,1.48,scattered clouds,0.0,0.0
225,Bengkulu,ID,2020-02-21 01:12:01,-3.8,102.27,73.69,87,85,4.54,overcast clouds,0.0,0.0
226,Magdagachi,RU,2020-02-21 01:12:01,53.45,125.8,-11.47,96,49,3.47,scattered clouds,0.0,0.0
227,Alice Springs,AU,2020-02-21 01:07:54,-23.7,133.88,84.2,16,4,12.75,clear sky,0.0,0.0
228,Imbituba,BR,2020-02-21 01:12:02,-28.24,-48.67,78.8,78,75,9.17,broken clouds,0.0,0.0
229,Sernur,RU,2020-02-21 01:12:02,56.93,49.15,29.01,97,93,10.74,light snow,0.0,0.37
230,Kjollefjord,NO,2020-02-21 01:12:02,70.95,27.35,23.67,79,81,22.35,broken clouds,0.0,0.0
231,Vung Tau,VN,2020-02-21 01:12:02,10.35,107.08,73.24,69,0,5.03,clear sky,0.0,0.0
232,Shaunavon,CA,2020-02-21 01:12:03,49.65,-108.42,26.64,73,0,16.2,clear sky,0.0,0.0
233,Pozo Colorado,PY,2020-02-21 01:12:03,-23.49,-58.8,85.08,46,100,9.04,overcast clouds,0.0,0.0
234,Waipawa,NZ,2020-02-21 01:12:03,-41.41,175.52,73.99,73,99,26.4,overcast clouds,0.0,0.0
235,Bambous Virieux,MU,2020-02-21 01:12:04,-20.34,57.76,78.8,74,40,11.41,scattered clouds,0.0,0.0
236,Ancud,CL,2020-02-21 01:12:04,-41.87,-73.82,62.6,48,0,10.29,clear sky,0.0,0.0
237,Oistins,BB,2020-02-21 01:12:04,13.07,-59.53,78.8,65,20,17.22,few clouds,0.0,0.0
238,Pio Ix,BR,2020-02-21 01:12:04,-6.84,-40.58,70.95,97,100,6.87,moderate rain,7.19,0.0
239,Hamilton,US,2020-02-21 01:12:05,39.18,-84.53,26.01,53,1,6.93,clear sky,0.0,0.0
240,Torbay,CA,2020-02-21 01:12:05,47.67,-52.73,12.99,60,20,28.86,few clouds,0.0,0.0
241,Kenai,US,2020-02-21 01:12:05,60.55,-151.26,34.0,74,90,17.22,overcast clouds,0.0,0.0
242,Victoria,HK,2020-02-21 01:12:05,22.29,114.16,66.2,59,20,13.87,few clouds,0.0,0.0
243,Honiara,SB,2020-02-21 01:12:06,-9.43,159.95,86.0,79,75,4.7,shower rain,0.0,0.0
244,Baruun-Urt,MN,2020-02-21 01:12:06,46.68,113.28,3.02,94,99,7.99,light snow,0.0,0.19
245,Waddan,LY,2020-02-21 01:12:06,29.16,16.14,53.04,59,0,6.96,clear sky,0.0,0.0
246,San Jose,US,2020-02-21 01:11:34,37.34,-121.89,69.01,42,40,9.17,scattered clouds,0.0,0.0
247,Khanpur,PK,2020-02-21 01:12:06,28.65,70.66,59.0,56,12,8.5,few clouds,0.0,0.0
248,Mahibadhoo,MV,2020-02-21 01:12:07,3.78,72.97,81.93,79,15,16.04,few clouds,0.0,0.0
249,Guerrero Negro,MX,2020-02-21 01:08:31,27.98,-114.06,73.29,38,65,9.19,broken clouds,0.0,0.0
250,Muhos,FI,2020-02-21 01:12:07,64.75,26.17,27.0,86,90,13.87,overcast clouds,0.0,0.0
251,Camacha,PT,2020-02-21 01:12:07,33.08,-16.33,55.4,76,40,6.93,scattered clouds,0.0,0.0
252,Leshukonskoye,RU,2020-02-21 01:12:07,64.9,45.76,6.21,91,7,3.4,clear sky,0.0,0.0
253,Vao,NC,2020-02-21 01:12:08,-22.67,167.48,79.84,70,3,7.74,clear sky,0.0,0.0
254,Koungou,YT,2020-02-21 01:12:08,-12.73,45.2,78.8,100,20,7.36,few clouds,0.0,0.0
255,Alofi,NU,2020-02-21 01:08:37,-19.06,-169.92,84.2,83,75,9.17,broken clouds,0.0,0.0
256,Hue,VN,2020-02-21 01:12:08,16.47,107.6,68.0,100,75,2.24,broken clouds,0.0,0.0
257,Buala,SB,2020-02-21 01:12:08,-8.14,159.59,85.68,70,99,8.7,overcast clouds,0.0,0.0
258,Tezu,IN,2020-02-21 01:12:09,27.92,96.17,60.91,54,94,2.04,overcast clouds,0.0,0.0
259,Bartlesville,US,2020-02-21 01:12:09,36.75,-95.98,35.6,56,1,4.7,clear sky,0.0,0.0
260,Blythe,US,2020-02-21 01:11:51,33.61,-114.6,78.8,9,1,3.36,clear sky,0.0,0.0
261,Hasaki,JP,2020-02-21 01:12:09,35.73,140.83,52.0,57,20,6.93,few clouds,0.0,0.0
262,Libertador General San Martin,AR,2020-02-21 01:12:09,-23.81,-64.79,75.99,83,100,1.28,light rain,1.94,0.0
263,Pilar,BR,2020-02-21 01:12:10,-9.6,-35.96,75.2,94,75,4.7,broken clouds,0.0,0.0
264,Dingle,PH,2020-02-21 01:12:10,11.0,122.67,75.09,85,59,14.16,light rain,1.31,0.0
265,Campoverde,PE,2020-02-21 01:12:10,-8.48,-74.81,86.0,70,20,2.24,few clouds,0.0,0.0
266,Bonthe,SL,2020-02-21 01:12:10,7.53,-12.51,79.12,83,49,6.93,scattered clouds,0.0,0.0
267,Zdvinsk,RU,2020-02-21 01:12:10,54.7,78.66,14.56,93,100,11.61,light snow,0.0,0.19
268,Inhambane,MZ,2020-02-21 01:12:11,-23.86,35.38,79.97,72,4,7.94,clear sky,0.0,0.0
269,San Rafael,AR,2020-02-21 01:12:11,-34.62,-68.33,66.31,22,0,11.05,clear sky,0.0,0.0
270,Vallenar,CL,2020-02-21 01:12:11,-28.57,-70.76,58.51,90,18,5.23,few clouds,0.0,0.0
271,Turukhansk,RU,2020-02-21 01:12:11,65.82,87.98,25.39,98,99,2.1,light snow,0.0,0.75
272,Onguday,RU,2020-02-21 01:12:11,50.75,86.15,8.89,80,95,5.3,overcast clouds,0.0,0.0
273,Kodiak,US,2020-02-21 01:12:12,57.79,-152.41,39.2,69,90,12.75,overcast clouds,0.0,0.0
274,Sukhumi,GE,2020-02-21 01:12:12,43.0,41.02,46.17,78,100,2.44,overcast clouds,0.0,0.0
275,Salta,AR,2020-02-21 01:11:23,-24.79,-65.41,71.6,88,90,9.17,moderate rain,0.0,0.0
276,Kiunga,PG,2020-02-21 01:12:12,-6.12,141.29,83.95,67,100,3.67,overcast clouds,0.0,0.0
277,Tanda,IN,2020-02-21 01:12:12,26.55,82.65,56.39,57,33,6.87,scattered clouds,0.0,0.0
278,Tamandare,BR,2020-02-21 01:12:12,-8.76,-35.1,80.35,84,100,12.64,overcast clouds,0.0,0.0
279,Portland,US,2020-02-21 01:10:33,45.52,-122.68,57.0,37,40,12.75,scattered clouds,0.0,0.0
280,Saint-Paul,RE,2020-02-21 01:12:13,-21.01,55.27,73.99,78,76,10.29,light rain,0.25,0.0
281,Vardo,NO,2020-02-21 01:12:13,70.37,31.11,23.0,73,75,32.21,broken clouds,0.0,0.0
282,Walvis Bay,NA,2020-02-21 01:12:13,-22.96,14.51,64.99,88,100,4.7,overcast clouds,0.0,0.0
283,Zainsk,RU,2020-02-21 01:12:14,55.32,52.07,30.2,92,90,11.18,mist,0.0,0.0
284,Baykit,RU,2020-02-21 01:12:14,61.67,96.37,10.85,96,91,3.36,overcast clouds,0.0,0.0
285,San Quintin,MX,2020-02-21 01:08:12,30.48,-115.95,66.61,62,98,10.25,overcast clouds,0.0,0.0
286,Baicoi,RO,2020-02-21 01:12:14,45.03,25.85,42.01,93,99,6.93,overcast clouds,0.0,0.0
287,Severnyy,RU,2020-02-21 01:12:14,50.68,36.55,32.0,89,92,2.24,overcast clouds,0.0,0.0
288,Moindou,NC,2020-02-21 01:12:15,-21.69,165.68,91.4,49,13,11.41,few clouds,0.0,0.0
289,Reyes,BO,2020-02-21 01:12:15,-14.32,-67.38,75.63,96,79,2.3,moderate rain,5.56,0.0
290,Lodja,CD,2020-02-21 01:12:15,-3.48,23.43,71.31,83,64,1.07,broken clouds,0.0,0.0
291,Husavik,IS,2020-02-21 01:12:16,66.04,-17.34,32.0,98,90,8.05,light snow,0.0,0.0
292,Suntar,RU,2020-02-21 01:12:16,62.14,117.63,10.17,96,94,5.01,light snow,0.0,0.25
293,Cahors,FR,2020-02-21 01:12:16,44.42,1.33,48.2,76,75,3.36,broken clouds,0.0,0.0
294,Tanete,ID,2020-02-21 01:12:16,-3.94,119.78,79.39,86,100,1.88,overcast clouds,0.0,0.0
295,Belen,TR,2020-02-21 01:12:16,36.49,36.22,57.0,100,75,8.05,broken clouds,0.0,0.0
296,Ahipara,NZ,2020-02-21 01:12:17,-35.17,173.17,71.22,77,93,13.56,overcast clouds,0.0,0.0
297,Ngunguru,NZ,2020-02-21 01:12:17,-35.62,174.5,82.99,53,64,11.01,broken clouds,0.0,0.0
298,Belyy,RU,2020-02-21 01:12:17,55.84,32.94,30.97,95,73,4.94,broken clouds,0.0,0.0
299,Yamada,JP,2020-02-21 01:12:17,39.47,141.95,38.93,58,1,1.57,clear sky,0.0,0.0
300,Naze,JP,2020-02-21 01:12:17,28.37,129.48,66.2,48,20,13.87,few clouds,0.0,0.0
301,Coihaique,CL,2020-02-21 01:12:18,-45.58,-72.07,60.8,51,0,3.36,clear sky,0.0,0.0
302,Young,UY,2020-02-21 01:12:18,-32.68,-57.63,63.0,62,0,1.99,clear sky,0.0,0.0
303,Leh,IN,2020-02-21 01:12:18,34.17,77.58,-0.81,53,75,4.38,broken clouds,0.0,0.0
304,Jinchang,CN,2020-02-21 01:12:18,38.5,102.17,17.44,72,82,9.53,broken clouds,0.0,0.0
305,Olga,RU,2020-02-21 01:12:18,43.74,135.29,26.02,62,100,6.67,overcast clouds,0.0,0.0
306,Evensk,RU,2020-02-21 01:12:19,61.95,159.23,-9.38,68,8,0.51,clear sky,0.0,0.0
307,Kulob,TJ,2020-02-21 01:12:19,37.91,69.78,41.0,60,0,6.71,clear sky,0.0,0.0
308,Apple Valley,US,2020-02-21 01:12:19,34.5,-117.19,78.01,16,1,9.17,clear sky,0.0,0.0
309,Saint-Joseph,RE,2020-02-21 01:12:20,-21.37,55.62,73.99,78,27,3.36,scattered clouds,0.0,0.0
310,Lockport,US,2020-02-21 01:12:20,41.59,-88.06,19.99,57,1,5.82,clear sky,0.0,0.0
311,Nemuro,JP,2020-02-21 01:12:20,43.32,145.57,24.8,62,20,2.24,few clouds,0.0,0.0
312,Porto Novo,BJ,2020-02-21 01:12:20,6.5,2.6,81.32,84,15,6.11,few clouds,0.0,0.0
313,Epernay,FR,2020-02-21 01:12:20,49.05,3.95,39.2,86,49,5.82,scattered clouds,0.0,0.0
314,Clinton,US,2020-02-21 01:09:14,42.59,-82.92,23.0,48,1,4.7,clear sky,0.0,0.0
315,Ust-Maya,RU,2020-02-21 01:12:21,60.42,134.53,-15.48,98,99,2.95,overcast clouds,0.0,0.0
316,Calabozo,VE,2020-02-21 01:12:21,8.92,-67.43,86.85,43,76,6.55,broken clouds,0.0,0.0
317,Paamiut,GL,2020-02-21 01:12:21,61.99,-49.67,16.36,58,99,3.76,overcast clouds,0.0,0.0
318,Talnakh,RU,2020-02-21 01:12:21,69.49,88.4,14.0,85,96,8.95,overcast clouds,0.0,0.0
319,Taoudenni,ML,2020-02-21 01:12:21,22.68,-3.98,69.37,15,0,6.35,clear sky,0.0,0.0
320,Namibe,AO,2020-02-21 01:12:22,-15.2,12.15,75.96,71,25,15.52,scattered clouds,0.0,0.0
321,Meadow Lake,US,2020-02-21 01:12:22,34.8,-106.54,46.0,52,1,12.75,clear sky,0.0,0.0
322,Mitsamiouli,KM,2020-02-21 01:12:22,-11.38,43.28,84.74,71,94,5.75,overcast clouds,0.0,0.0
323,Hami,CN,2020-02-21 01:12:22,42.8,93.45,20.82,52,0,2.35,clear sky,0.0,0.0
324,Vestmannaeyjar,IS,2020-02-21 01:12:23,63.44,-20.27,38.86,70,98,17.02,overcast clouds,0.0,0.0
325,Suba,PH,2020-02-21 01:12:23,10.84,121.01,78.73,79,41,29.8,light rain,0.38,0.0
326,Chokurdakh,RU,2020-02-21 01:12:23,70.63,147.92,-15.86,97,86,3.04,overcast clouds,0.0,0.0
327,Mirnyy,RU,2020-02-21 01:12:23,62.54,113.96,1.4,84,20,2.24,few clouds,0.0,0.0
328,Paris,FR,2020-02-21 01:08:38,48.85,2.35,39.2,93,20,6.93,few clouds,0.0,0.0
329,Sitio Novo Do Tocantins,BR,2020-02-21 01:12:24,-5.52,-47.46,72.41,98,100,4.45,light rain,0.94,0.0
330,Sur,OM,2020-02-21 01:12:24,22.57,59.53,68.94,50,92,11.03,overcast clouds,0.0,0.0
331,Esperance,AU,2020-02-21 01:11:04,-33.87,121.9,66.2,63,0,11.41,clear sky,0.0,0.0
332,De-Kastri,RU,2020-02-21 01:12:24,51.47,140.78,8.78,87,74,3.96,broken clouds,0.0,0.0
333,Corinth,GR,2020-02-21 01:12:24,37.94,22.96,48.99,81,90,16.11,light rain,0.0,0.0
334,Chuy,UY,2020-02-21 01:12:25,-33.7,-53.46,61.27,56,11,10.89,few clouds,0.0,0.0
335,San Ramon,US,2020-02-21 01:09:17,37.78,-121.98,69.01,37,1,4.7,clear sky,0.0,0.0
336,Utena,LT,2020-02-21 01:12:25,55.5,25.6,33.15,88,35,9.22,scattered clouds,0.0,0.0
337,Hobyo,SO,2020-02-21 01:12:25,5.35,48.53,79.12,80,36,14.0,scattered clouds,0.0,0.0
338,Saint-Francois,FR,2020-02-21 01:12:26,46.42,3.91,46.99,75,90,8.05,overcast clouds,0.0,0.0
339,Kocser,HU,2020-02-21 01:12:26,47.0,19.92,30.2,86,0,3.47,clear sky,0.0,0.0
340,Novyy Urengoy,RU,2020-02-21 01:12:26,66.08,76.63,24.42,96,100,7.52,light snow,0.0,0.25
341,Prince Rupert,CA,2020-02-21 01:12:26,54.32,-130.32,42.8,75,90,17.22,light rain,0.0,0.0
342,Mandalgovi,MN,2020-02-21 01:12:27,45.76,106.27,5.25,82,0,12.66,clear sky,0.0,0.0
343,Skjervoy,NO,2020-02-21 01:12:27,70.03,20.97,31.82,67,100,18.97,overcast clouds,0.0,0.0
344,Balkanabat,TM,2020-02-21 01:12:27,39.51,54.37,38.89,93,100,3.67,light rain,2.44,0.0
345,Oktyabrskiy,RU,2020-02-21 01:12:27,54.48,53.47,28.69,94,94,4.9,overcast clouds,0.0,0.0
346,Imuris,MX,2020-02-21 01:12:27,30.78,-110.87,75.99,28,64,3.0,broken clouds,0.0,0.0
347,Saint Anthony,US,2020-02-21 01:10:04,45.02,-93.22,12.2,51,1,4.7,clear sky,0.0,0.0
348,Iraan,US,2020-02-21 01:12:28,30.91,-101.9,42.8,60,1,13.87,clear sky,0.0,0.0
349,Ust-Nera,RU,2020-02-21 01:12:28,64.57,143.2,-31.54,99,99,3.22,overcast clouds,0.0,0.0
350,Yantal,RU,2020-02-21 01:12:29,56.85,105.25,17.67,93,100,9.04,light snow,0.0,0.19
351,Codrington,AU,2020-02-21 01:12:29,-38.27,141.97,58.91,77,34,15.86,light rain,0.25,0.0
352,Musoma,TZ,2020-02-21 01:12:29,-1.5,33.8,69.8,88,75,11.41,light rain,0.0,0.0
353,Koshki,RU,2020-02-21 01:12:29,54.21,50.47,29.26,95,100,4.23,overcast clouds,0.0,0.0
354,Antalaha,MG,2020-02-21 01:12:29,-14.9,50.28,80.6,75,97,5.23,overcast clouds,0.0,0.0
355,Karratha,AU,2020-02-21 01:12:30,-20.74,116.85,82.87,77,6,3.6,light rain,0.13,0.0
356,Rio Negro,BR,2020-02-21 01:12:30,-26.11,-49.8,66.99,92,31,1.99,scattered clouds,0.0,0.0
357,Bagotville,AU,2020-02-21 01:12:31,-28.98,153.42,82.4,65,100,9.17,light rain,2.69,0.0
358,Taltal,CL,2020-02-21 01:12:31,-25.4,-70.48,61.02,89,2,4.09,clear sky,0.0,0.0
359,Kolvereid,NO,2020-02-21 01:12:31,64.87,11.6,38.79,85,100,16.89,light rain,2.69,0.0
360,Richards Bay,ZA,2020-02-21 01:12:31,-28.78,32.04,77.83,89,50,7.34,moderate rain,3.19,0.0
361,Edd,ER,2020-02-21 01:12:32,13.93,41.69,73.51,76,65,9.66,broken clouds,0.0,0.0
362,Little Current,CA,2020-02-21 01:12:32,45.98,-81.92,10.4,72,90,3.36,overcast clouds,0.0,0.0
363,Haapiti,PF,2020-02-21 01:12:32,-17.57,-149.87,89.6,62,40,5.82,scattered clouds,0.0,0.0
364,Petropavlovsk-Kamchatskiy,RU,2020-02-21 01:12:32,53.05,158.65,10.4,46,100,6.71,overcast clouds,0.0,0.0
365,Leningradskiy,RU,2020-02-21 01:12:32,69.38,178.42,-6.29,92,100,22.77,light snow,0.0,0.13
366,Strathpeffer,GB,2020-02-21 01:12:33,57.59,-4.54,43.0,86,66,17.22,light rain,0.5,0.0
367,Huilong,CN,2020-02-21 01:12:33,31.81,121.66,54.0,93,21,3.0,few clouds,0.0,0.0
368,Belaya Gora,RU,2020-02-21 01:12:33,68.53,146.42,-9.96,90,90,6.02,overcast clouds,0.0,0.0
369,Tautira,PF,2020-02-21 01:12:33,-17.73,-149.15,89.6,62,40,5.82,scattered clouds,0.0,0.0
370,San Antonio,US,2020-02-21 01:11:18,29.42,-98.49,50.0,70,75,11.41,broken clouds,0.0,0.0
371,Virginia Beach,US,2020-02-21 01:12:34,36.85,-75.98,35.6,96,90,10.29,moderate rain,0.0,0.0
372,Quimper,FR,2020-02-21 01:12:34,48.0,-4.1,42.8,81,5,4.7,clear sky,0.0,0.0
373,Mount Isa,AU,2020-02-21 01:12:34,-20.73,139.5,91.4,16,0,9.17,clear sky,0.0,0.0
374,Yenagoa,NG,2020-02-21 01:12:34,4.92,6.26,79.72,85,43,3.56,scattered clouds,0.0,0.0
375,Raha,IN,2020-02-21 01:12:35,26.23,92.52,59.63,86,16,2.06,few clouds,0.0,0.0
376,Ilo,PE,2020-02-21 01:12:35,-17.64,-71.34,71.46,89,100,2.44,overcast clouds,0.0,0.0
377,Jizan,SA,2020-02-21 01:12:35,17.33,42.67,77.0,69,40,4.7,scattered clouds,0.0,0.0
378,Faya,SA,2020-02-21 01:12:35,18.39,42.45,59.0,87,85,5.82,overcast clouds,0.0,0.0
379,Pratapgarh,IN,2020-02-21 01:12:36,24.03,74.78,60.37,31,4,9.08,clear sky,0.0,0.0
380,Kulhudhuffushi,MV,2020-02-21 01:12:36,6.62,73.07,82.22,67,32,10.45,scattered clouds,0.0,0.0
381,Windhoek,NA,2020-02-21 01:12:36,-22.56,17.08,64.0,93,100,5.82,moderate rain,0.0,0.0
382,Inzer,RU,2020-02-21 01:12:36,54.22,57.56,23.85,98,98,2.86,overcast clouds,0.0,0.0
383,Filadelfia,US,2020-02-21 01:10:10,39.95,-75.16,33.01,46,1,5.82,clear sky,0.0,0.0
384,Kaohsiung,TW,2020-02-21 01:12:37,22.62,120.31,70.0,77,40,4.7,haze,0.0,0.0
385,Souillac,MU,2020-02-21 01:12:37,-20.52,57.52,78.8,74,40,11.41,scattered clouds,0.0,0.0
386,Baherden,TM,2020-02-21 01:12:37,38.44,57.43,45.68,80,99,0.98,light rain,1.56,0.0
387,Egg,CH,2020-02-21 01:12:37,47.3,8.69,50.0,66,90,16.11,light rain,0.0,0.0
388,Makokou,GA,2020-02-21 01:12:37,0.57,12.86,77.77,60,90,1.21,overcast clouds,0.0,0.0
389,Palkino,RU,2020-02-21 01:12:38,57.54,28.01,35.6,86,35,6.71,scattered clouds,0.0,0.0
390,Sao Joao Da Barra,BR,2020-02-21 01:12:38,-21.64,-41.05,78.3,87,2,17.27,clear sky,0.0,0.0
391,Bandarbeyla,SO,2020-02-21 01:12:38,9.49,50.81,77.09,76,36,11.1,scattered clouds,0.0,0.0
392,Kholmsk,RU,2020-02-21 01:12:38,47.05,142.06,12.2,78,20,8.95,few clouds,0.0,0.0
393,Byron Bay,AU,2020-02-21 01:08:42,-28.65,153.62,86.0,61,40,11.41,scattered clouds,0.0,0.0
394,Benalla,AU,2020-02-21 01:12:39,-36.55,145.98,77.0,37,49,6.93,scattered clouds,0.0,0.0
395,Guiglo,CI,2020-02-21 01:12:39,6.55,-7.5,74.3,95,73,2.95,light rain,0.44,0.0
396,Haines Junction,CA,2020-02-21 01:12:39,60.75,-137.51,23.52,95,92,7.87,snow,0.0,2.06
397,Nuuk,GL,2020-02-21 01:07:49,64.18,-51.72,8.6,78,20,10.29,few clouds,0.0,0.0
398,Lat Yao,TH,2020-02-21 01:12:39,15.75,99.79,70.54,61,11,3.67,few clouds,0.0,0.0
399,The Valley,AI,2020-02-21 01:12:40,18.22,-63.06,78.01,78,40,12.75,light intensity shower rain,0.0,0.0
400,Eskil,TR,2020-02-21 01:12:40,38.4,33.41,41.4,80,86,8.05,overcast clouds,0.0,0.0
401,Norman Wells,CA,2020-02-21 01:11:12,65.28,-126.83,26.6,86,40,4.7,scattered clouds,0.0,0.0
402,Itamaraca,BR,2020-02-21 01:12:40,-7.75,-34.83,77.0,94,90,4.7,overcast clouds,0.0,0.0
403,Bac Lieu,VN,2020-02-21 01:12:40,9.29,105.72,75.04,71,4,10.67,clear sky,0.0,0.0
404,Plettenberg Bay,ZA,2020-02-21 01:12:41,-34.05,23.37,65.1,89,46,1.01,scattered clouds,0.0,0.0
405,Shahr-E Kord,IR,2020-02-21 01:12:41,32.33,50.86,32.0,73,18,4.7,few clouds,0.0,0.0
406,Ken Caryl,US,2020-02-21 01:12:41,39.58,-105.12,33.01,63,1,3.8,clear sky,0.0,0.0
407,La Seyne-Sur-Mer,FR,2020-02-21 01:12:41,43.1,5.88,55.0,86,24,1.12,few clouds,0.0,0.0
408,Raudeberg,NO,2020-02-21 01:12:41,61.99,5.14,41.0,80,99,18.34,moderate rain,0.0,0.0
409,Chara,RU,2020-02-21 01:12:42,56.91,118.26,-12.33,84,78,0.72,broken clouds,0.0,0.0
410,Myanaung,MM,2020-02-21 01:12:42,18.28,95.32,65.05,29,0,4.85,clear sky,0.0,0.0
411,Kentau,KZ,2020-02-21 01:12:42,43.52,68.51,35.64,37,100,4.63,overcast clouds,0.0,0.0
412,San Carlos De Bariloche,AR,2020-02-21 01:07:43,-41.15,-71.31,66.2,11,0,12.75,clear sky,0.0,0.0
413,Vostok,RU,2020-02-21 01:12:42,46.49,135.88,8.69,92,100,3.83,light snow,0.0,0.13
414,Muisne,EC,2020-02-21 01:12:43,0.6,-80.03,76.01,89,100,6.89,overcast clouds,0.0,0.0
415,Tiznit,MA,2020-02-21 01:12:43,29.58,-9.5,59.41,18,0,10.18,clear sky,0.0,0.0
416,San Juan,AR,2020-02-21 01:12:43,-31.54,-68.54,77.0,21,54,17.02,broken clouds,0.0,0.0
417,Poum,NC,2020-02-21 01:12:43,-20.23,164.02,81.07,76,12,14.83,light rain,0.13,0.0
418,Marawi,PH,2020-02-21 01:12:43,8.0,124.29,82.99,60,10,5.01,clear sky,0.0,0.0
419,Horni Benesov,CZ,2020-02-21 01:12:43,49.97,17.6,41.0,56,69,13.87,light snow,0.0,0.13
420,Liwale,TZ,2020-02-21 01:12:44,-9.77,37.93,70.88,98,63,1.9,light rain,1.88,0.0
421,Graaff-Reinet,ZA,2020-02-21 01:12:44,-32.25,24.53,68.0,87,68,1.01,broken clouds,0.0,0.0
422,Coruripe,BR,2020-02-21 01:12:44,-10.13,-36.18,80.13,84,100,10.45,light rain,0.25,0.0
423,Viedma,AR,2020-02-21 01:08:41,-40.81,-63.0,56.89,61,33,21.34,scattered clouds,0.0,0.0
424,Hanna,CA,2020-02-21 01:12:45,51.63,-111.9,27.0,71,0,9.13,clear sky,0.0,0.0
425,Dunedin,NZ,2020-02-21 01:08:46,-45.87,170.5,75.99,58,90,11.01,overcast clouds,0.0,0.0
426,Strezhevoy,RU,2020-02-21 01:12:45,60.73,77.59,32.0,97,90,8.95,light snow,0.0,0.0
427,Gimli,CA,2020-02-21 01:12:45,50.63,-96.99,17.01,86,0,8.99,clear sky,0.0,0.0
428,Rio Gallegos,AR,2020-02-21 01:12:45,-51.62,-69.22,59.0,47,34,9.17,scattered clouds,0.0,0.0
429,Quesnel,CA,2020-02-21 01:12:45,53.0,-122.5,39.2,44,1,10.29,clear sky,0.0,0.0
430,Dhidhdhoo,MV,2020-02-21 01:12:46,6.88,73.1,82.22,67,4,8.88,clear sky,0.0,0.0
431,Eufaula,US,2020-02-21 01:12:46,31.89,-85.15,46.4,93,90,10.29,light rain,0.0,0.0
432,Vincennes,FR,2020-02-21 01:12:46,48.85,2.43,39.2,86,20,8.05,few clouds,0.0,0.0
433,Bandrele,YT,2020-02-21 01:12:47,-12.91,45.19,78.8,100,20,5.97,few clouds,0.0,0.0
434,Angoche,MZ,2020-02-21 01:12:48,-16.23,39.91,75.67,92,83,4.88,broken clouds,0.0,0.0
435,Korla,CN,2020-02-21 01:12:48,41.76,86.15,26.01,88,27,6.24,scattered clouds,0.0,0.0
436,Tahoua,NE,2020-02-21 01:12:48,14.89,5.27,67.21,19,0,11.5,clear sky,0.0,0.0
437,Amroha,IN,2020-02-21 01:12:48,28.92,78.47,57.06,86,67,8.3,light rain,2.25,0.0
438,Marshfield,US,2020-02-21 01:12:48,44.67,-90.17,10.4,42,1,8.05,clear sky,0.0,0.0
439,Kudahuvadhoo,MV,2020-02-21 01:12:49,2.67,72.89,83.32,76,17,15.05,light rain,0.19,0.0
440,Shingu,JP,2020-02-21 01:12:49,33.73,135.98,46.4,61,0,5.82,clear sky,0.0,0.0
441,Dalby,AU,2020-02-21 01:12:49,-27.18,151.27,80.6,57,40,10.29,scattered clouds,0.0,0.0
442,Escanaba,US,2020-02-21 01:10:07,45.75,-87.06,15.8,51,1,11.41,clear sky,0.0,0.0
443,Rwamagana,RW,2020-02-21 01:12:49,-1.95,30.43,61.45,94,24,2.21,few clouds,0.0,0.0
444,Sangar,RU,2020-02-21 01:12:50,63.92,127.47,-11.94,95,100,14.56,light snow,0.0,0.63
445,Ewa Beach,US,2020-02-21 01:11:48,21.32,-158.01,78.8,73,90,11.41,overcast clouds,0.0,0.0
446,Pinerovka,RU,2020-02-21 01:12:50,51.56,43.07,26.58,97,100,1.97,overcast clouds,0.0,0.0
447,Saldanha,ZA,2020-02-21 01:12:50,-33.01,17.94,62.6,82,0,9.17,clear sky,0.0,0.0
448,Rocha,UY,2020-02-21 01:12:50,-34.48,-54.33,58.3,63,20,7.92,few clouds,0.0,0.0
449,Da Nang,VN,2020-02-21 01:12:39,16.07,108.22,71.6,83,75,2.24,mist,0.0,0.0
450,Cheney,US,2020-02-21 01:10:43,47.49,-117.58,44.6,44,1,10.29,clear sky,0.0,0.0
451,Almasu,RO,2020-02-21 01:12:51,46.95,23.13,30.2,92,40,3.36,scattered clouds,0.0,0.0
452,Clonakilty,IE,2020-02-21 01:12:51,51.62,-8.87,44.01,86,40,14.99,scattered clouds,0.0,0.0
453,Cairns,AU,2020-02-21 01:12:51,-16.92,145.77,88.0,74,75,2.24,light rain,0.0,0.0
454,Davila,PH,2020-02-21 01:12:52,18.47,120.58,75.2,69,20,27.85,haze,0.0,0.0
455,Nargana,PA,2020-02-21 01:12:52,9.44,-78.59,79.79,83,83,17.96,light rain,0.38,0.0
456,Teya,RU,2020-02-21 01:12:52,60.38,92.63,10.36,96,34,4.7,scattered clouds,0.0,0.0
457,Takoradi,GH,2020-02-21 01:12:53,4.88,-1.76,78.8,90,79,3.18,broken clouds,0.0,0.0
458,Sobolevo,RU,2020-02-21 01:12:53,54.43,31.9,35.01,93,47,4.85,scattered clouds,0.0,0.0
459,Vanimo,PG,2020-02-21 01:12:53,-2.67,141.3,80.26,82,98,7.23,light rain,1.63,0.0
460,Bilibino,RU,2020-02-21 01:12:53,68.05,166.44,-21.21,95,100,1.86,overcast clouds,0.0,0.0
461,Gorontalo,ID,2020-02-21 01:12:54,0.54,123.06,78.46,75,74,4.0,broken clouds,0.0,0.0
462,Amlagora,IN,2020-02-21 01:12:54,22.83,87.33,64.85,80,83,1.12,broken clouds,0.0,0.0
463,Grindavik,IS,2020-02-21 01:12:54,63.84,-22.43,32.0,65,75,24.16,broken clouds,0.0,0.0
464,Najran,SA,2020-02-21 01:12:54,17.49,44.13,69.8,40,67,6.93,broken clouds,0.0,0.0
465,Kendari,ID,2020-02-21 01:12:55,-3.94,122.5,78.76,87,84,1.68,light rain,1.13,0.0
466,Maracaju,BR,2020-02-21 01:12:55,-21.61,-55.17,75.74,89,100,4.61,light rain,1.06,0.0
467,Whitehorse,CA,2020-02-21 01:12:55,60.72,-135.05,34.0,55,40,24.16,scattered clouds,0.0,0.0
468,Maniitsoq,GL,2020-02-21 01:12:55,65.42,-52.9,13.93,48,91,2.19,overcast clouds,0.0,0.0
469,Uglekamensk,RU,2020-02-21 01:12:55,43.22,133.23,21.18,81,57,3.02,broken clouds,0.0,0.0
470,Bodden Town,KY,2020-02-21 01:12:56,19.28,-81.25,80.6,88,75,2.24,broken clouds,0.0,0.0
471,Pangai,TO,2020-02-21 01:12:56,-19.8,-174.35,82.4,65,20,9.17,few clouds,0.0,0.0
472,Severobaykalsk,RU,2020-02-21 01:12:56,55.65,109.32,7.12,93,100,4.45,light snow,0.0,0.13
473,Ambulu,ID,2020-02-21 01:12:57,-8.35,113.61,79.02,81,43,6.69,scattered clouds,0.0,0.0
474,Burnie,AU,2020-02-21 01:12:57,-41.07,145.92,57.99,52,31,10.0,scattered clouds,0.0,0.0
475,Golubitskaya,RU,2020-02-21 01:12:57,45.32,37.28,39.2,86,75,15.66,mist,0.0,0.0
476,Sibi,PK,2020-02-21 01:12:57,29.54,67.88,62.2,29,50,2.35,scattered clouds,0.0,0.0
477,Montepuez,MZ,2020-02-21 01:12:57,-13.13,39.0,70.83,96,91,2.21,overcast clouds,0.0,0.0
478,Verkhnyaya Inta,RU,2020-02-21 01:12:58,65.98,60.31,7.83,96,94,6.11,light snow,0.0,0.38
479,Shirokiy,RU,2020-02-21 01:12:58,49.76,129.52,-5.58,95,0,3.76,clear sky,0.0,0.0
480,Albacete,ES,2020-02-21 01:12:58,38.83,-2.0,44.01,93,3,8.05,clear sky,0.0,0.0
481,Makakilo City,US,2020-02-21 01:12:58,21.35,-158.09,78.8,73,90,11.41,overcast clouds,0.0,0.0
482,Corn Island,NI,2020-02-21 01:12:59,12.17,-83.04,81.36,74,55,17.22,broken clouds,0.0,0.0
483,Valparaiso,CL,2020-02-21 01:10:55,-33.04,-71.63,60.8,82,20,4.7,few clouds,0.0,0.0
484,Khandyga,RU,2020-02-21 01:12:59,62.67,135.6,-21.23,97,87,2.84,overcast clouds,0.0,0.0
485,Barkly West,ZA,2020-02-21 01:12:59,-28.54,24.52,64.4,93,21,3.36,few clouds,0.0,0.0
486,Payo,ID,2020-02-21 01:13:00,-3.75,103.64,68.49,94,97,2.35,light rain,0.19,0.0
487,Lethem,GY,2020-02-21 01:13:00,3.38,-59.8,85.82,44,83,17.58,broken clouds,0.0,0.0
488,Vikhorevka,RU,2020-02-21 01:13:00,56.12,101.16,21.2,85,75,6.71,light shower snow,0.0,0.0
489,Dibrugarh,IN,2020-02-21 01:13:00,27.48,94.9,57.2,82,40,3.33,mist,0.0,0.0
490,Wagar,SD,2020-02-21 01:13:00,16.15,36.2,61.21,73,49,10.49,scattered clouds,0.0,0.0
491,Azul,AR,2020-02-21 01:13:01,-36.78,-59.86,57.99,63,0,11.5,clear sky,0.0,0.0
492,Spruce Grove,CA,2020-02-21 01:08:08,53.53,-113.92,35.6,43,1,5.82,light snow,0.0,0.0
493,Kingaroy,AU,2020-02-21 01:13:01,-26.53,151.83,80.6,65,75,6.93,broken clouds,0.0,0.0
494,Nanortalik,GL,2020-02-21 01:13:01,60.14,-45.24,25.34,70,100,4.41,overcast clouds,0.0,0.0
495,Chapais,CA,2020-02-21 01:13:01,49.78,-74.85,-0.4,64,75,9.17,broken clouds,0.0,0.0
496,Lenger,KZ,2020-02-21 01:10:58,42.18,69.88,30.2,86,43,4.47,scattered clouds,0.0,0.0
497,Ulverstone,AU,2020-02-21 01:13:02,-41.15,146.17,62.01,52,31,10.0,scattered clouds,0.0,0.0
498,Stratham,US,2020-02-21 01:13:02,43.02,-70.91,28.4,52,1,8.05,clear sky,0.0,0.0
499,Redlands,US,2020-02-21 01:13:02,34.06,-117.18,78.8,18,1,8.05,clear sky,0.0,0.0
500,Fukue,JP,2020-02-21 01:13:02,32.69,128.84,55.4,71,40,8.05,scattered clouds,0.0,0.0
501,Luau,AO,2020-02-21 01:13:03,-10.71,22.22,67.62,94,87,1.25,overcast clouds,0.0,0.0
502,Kabalo,CD,2020-02-21 01:13:03,-6.05,26.92,70.32,96,52,2.04,broken clouds,0.0,0.0
503,Bojnurd,IR,2020-02-21 01:13:03,37.47,57.33,39.2,86,90,6.93,light intensity drizzle,0.0,0.0
504,Lanxi,CN,2020-02-21 01:13:03,29.22,119.48,49.17,78,0,2.35,clear sky,0.0,0.0
505,Santa Fe,AR,2020-02-21 01:13:04,-31.63,-60.7,69.01,36,0,4.0,clear sky,0.0,0.0
506,Churapcha,RU,2020-02-21 01:13:04,62.0,132.43,-13.72,97,95,6.42,overcast clouds,0.0,0.0
507,Den Helder,NL,2020-02-21 01:13:04,52.96,4.76,43.0,70,75,27.51,broken clouds,0.0,0.0
508,Yerbogachen,RU,2020-02-21 01:13:05,61.28,108.01,14.31,95,100,7.45,light snow,0.0,0.5
509,Mwinilunga,ZM,2020-02-21 01:13:05,-11.74,24.43,62.78,92,68,1.16,broken clouds,0.0,0.0
510,Toora-Khem,RU,2020-02-21 01:13:05,52.47,96.11,0.57,91,98,2.89,overcast clouds,0.0,0.0
511,Flateby,NO,2020-02-21 01:13:05,59.83,11.17,39.0,93,100,4.7,moderate rain,3.13,0.0
512,Afua,BR,2020-02-21 01:11:06,-0.16,-50.39,76.48,90,100,7.81,light rain,1.5,0.0
513,Chumikan,RU,2020-02-21 01:13:06,54.72,135.31,4.05,76,0,8.77,clear sky,0.0,0.0
514,Nishihara,JP,2020-02-21 01:13:06,26.18,127.76,69.8,56,20,16.11,few clouds,0.0,0.0
515,Pochutla,MX,2020-02-21 01:13:06,15.74,-96.47,84.2,66,40,7.38,scattered clouds,0.0,0.0
516,Hualmay,PE,2020-02-21 01:13:06,-11.1,-77.61,73.9,75,100,5.14,overcast clouds,0.0,0.0
517,Kuala Terengganu,MY,2020-02-21 01:13:07,5.33,103.14,80.6,83,40,8.05,scattered clouds,0.0,0.0
518,Krasnoselkup,RU,2020-02-21 01:13:07,65.7,82.47,18.82,98,97,0.65,light snow,0.0,0.19
519,Klaksvik,FO,2020-02-21 01:13:07,62.23,-6.59,41.0,65,71,23.04,light rain,0.19,0.0
520,Nakamura,JP,2020-02-21 01:13:08,32.98,132.93,50.11,65,0,2.55,clear sky,0.0,0.0
521,Severo-Kurilsk,RU,2020-02-21 01:13:08,50.68,156.12,19.15,86,98,11.43,light snow,0.0,1.5
522,Humaita,BR,2020-02-21 01:13:08,-7.51,-63.02,76.44,95,97,3.31,moderate rain,4.06,0.0
523,Lahij,YE,2020-02-21 01:13:08,13.17,44.58,71.56,78,36,4.54,scattered clouds,0.0,0.0
524,Yaring,TH,2020-02-21 01:13:08,6.87,101.37,80.6,78,40,10.29,scattered clouds,0.0,0.0
525,Sisimiut,GL,2020-02-21 01:13:08,66.94,-53.67,-7.13,78,83,7.94,broken clouds,0.0,0.0
526,Itoman,JP,2020-02-21 01:13:09,26.12,127.67,69.8,56,20,16.11,few clouds,0.0,0.0
527,Manta,EC,2020-02-21 01:13:09,-0.95,-80.73,77.0,88,90,5.82,overcast clouds,0.0,0.0
528,Kokopo,PG,2020-02-21 01:13:09,-4.35,152.26,83.26,73,99,12.06,overcast clouds,0.0,0.0
529,Huarmey,PE,2020-02-21 01:13:09,-10.07,-78.15,75.45,67,99,4.97,overcast clouds,0.0,0.0
530,Hemsedal,NO,2020-02-21 01:13:09,60.86,8.55,25.0,76,100,1.01,overcast clouds,0.0,0.0
531,Charters Towers,AU,2020-02-21 01:13:10,-20.1,146.27,86.77,56,80,9.31,broken clouds,0.0,0.0
532,Capao Da Canoa,BR,2020-02-21 01:13:10,-29.75,-50.01,73.18,73,29,16.42,scattered clouds,0.0,0.0
533,Tual,ID,2020-02-21 01:13:10,-5.67,132.75,80.85,82,93,15.03,moderate rain,5.69,0.0
534,Havelock,US,2020-02-21 01:12:25,34.88,-76.9,39.2,86,90,21.92,moderate rain,0.0,0.0
535,Cap Malheureux,MU,2020-02-21 01:13:10,-19.98,57.61,78.8,74,40,11.41,scattered clouds,0.0,0.0
536,Guaratinga,BR,2020-02-21 01:11:06,-16.57,-39.57,80.6,78,20,8.05,few clouds,0.0,0.0
537,Luangwa,ZM,2020-02-21 01:13:11,-15.62,30.42,71.29,88,60,0.76,broken clouds,0.0,0.0
538,Komsomolskiy,UZ,2020-02-21 01:13:11,40.43,71.72,33.8,69,0,6.93,clear sky,0.0,0.0
539,Goure,NE,2020-02-21 01:13:11,13.98,10.27,70.0,22,0,8.99,clear sky,0.0,0.0
540,Zhanaozen,KZ,2020-02-21 01:13:11,43.3,52.8,38.62,55,100,6.69,overcast clouds,0.0,0.0
541,Puerto Leguizamo,CO,2020-02-21 01:13:12,-0.19,-74.78,79.63,74,100,2.66,overcast clouds,0.0,0.0
542,Discovery Bay,US,2020-02-21 01:13:12,37.91,-121.6,68.0,42,1,9.17,clear sky,0.0,0.0
543,Creel,MX,2020-02-21 01:13:12,27.75,-107.63,64.69,44,0,7.96,clear sky,0.0,0.0
544,Sambava,MG,2020-02-21 01:13:12,-14.27,50.17,72.23,98,100,1.7,light rain,0.13,0.0
545,Hammond,US,2020-02-21 01:13:12,41.58,-87.5,21.0,61,5,3.67,clear sky,0.0,0.0
546,Axim,GH,2020-02-21 01:13:13,4.87,-2.24,78.8,90,79,3.18,broken clouds,0.0,0.0
